0, 2.56975, -31.7548, -3.62462
0.00496907, 2.56975, -31.7548, -3.62462
0.00992333, 2.56975, -31.7548, -3.62462
0.0147306, 2.58325, -31.803, -3.62248
0.0196871, 2.58325, -31.803, -3.62248
0.0245266, 2.58325, -31.803, -3.62248
0.0294211, 2.59676, -31.8512, -3.62036
0.0343099, 2.61027, -31.8994, -3.61827
0.0391474, 2.61027, -31.8994, -3.61827
0.0440986, 2.62378, -31.9477, -3.6162
0.0489816, 2.63729, -31.9959, -3.61415
0.0538775, 2.66433, -32.0924, -3.61012
0.0588061, 2.67785, -32.1407, -3.60814
0.0636033, 2.69138, -32.1889, -3.60618
0.0684316, 2.70491, -32.2372, -3.60424
0.0724857, 2.73197, -32.3338, -3.60044
0.0774207, 2.74551, -32.3821, -3.59857
0.0820886, 2.7726, -32.4787, -3.59491
0.0860897, 2.78615, -32.527, -3.59311
0.0909825, 2.82681, -32.672, -3.58785
0.0957946, 2.8675, -32.8171, -3.58279
0.100645, 2.90821, -32.9622, -3.57794
0.10465, 2.93537, -33.059, -3.57482
0.109432, 2.97613, -33.2043, -3.57031
0.113435, 3.01692, -33.3496, -3.56601
0.118195, 3.05774, -33.495, -3.56192
0.122248, 3.09858, -33.6405, -3.55803
0.127113, 3.13945, -33.786, -3.55435
0.132033, 3.19399, -33.9801, -3.54976
0.136884, 3.30326, -34.2345, -3.56301
0.141742, 3.3865, -34.4001, -3.53765
0.146683, 3.45483, -34.6433, -3.53349
0.151421, 3.55052, -34.8495, -3.54916
0.155479, 3.60527, -35.0443, -3.54664
0.160408, 3.70233, -35.2592, -3.52228
0.164461, 3.77066, -35.3682, -3.54008
0.169045, 3.86777, -35.5834, -3.51652
0.173046, 3.99206, -35.7614, -3.51248
0.177873, 4.10295, -36.0258, -3.48982
0.182716, 4.26949, -36.2244, -3.46499
0.187658, 4.36672, -36.4403, -3.44362
0.192452, 4.4925, -36.6277, -3.40095
0.197418, 4.5898, -36.844, -3.38063
0.202185, 4.71563, -37.0317, -3.33897
0.206199, 4.78544, -37.1502, -3.3186
0.211011, 4.91131, -37.3382, -3.27776
0.215927, 5.0372, -37.5263, -3.23743
0.220858, 5.16311, -37.7147, -3.1976
0.225749, 5.30284, -37.9524, -3.15926
0.230721, 5.45726, -38.1122, -3.09865
0.235427, 5.61169, -38.2722, -3.03856
0.239477, 5.73767, -38.4612, -3.00087
0.244447, 5.90593, -38.6708, -2.94318
0.248463, 6.0043, -38.7613, -2.90366
0.253028, 6.20104, -38.9423, -2.82516
0.257104, 6.42442, -39.0855, -2.76548
0.261868, 6.67723, -39.3368, -2.6702
0.266663, 6.91622, -39.5388, -2.57425
0.270666, 7.18176, -39.7029, -2.49724
0.275479, 7.43543, -39.8262, -2.37929
0.279491, 7.67236, -40.0196, -2.32587
0.284359, 7.99476, -40.1252, -2.20816
0.289307, 8.24632, -40.2395, -2.13237
0.294029, 8.58021, -40.3859, -2.05876
0.298213, 8.84649, -40.4206, -1.96034
0.302781, 9.306, -40.4897, -1.84496
0.306793, 9.61224, -40.5355, -1.76908
0.311601, 10.0556, -40.5447, -1.69313
0.316464, 10.5012, -40.5621, -1.57954
0.321401, 10.9729, -40.5402, -1.4857
0.326302, 11.4446, -40.5175, -1.39367
0.331234, 11.8476, -40.5126, -1.3029
0.335999, 12.3874, -40.4697, -1.21499
0.341092, 12.8849, -40.4057, -1.14672
0.34586, 13.5506, -40.2809, -1.0237
0.350646, 14.1058, -40.1535, -0.919425
0.355581, 14.6582, -40.0163, -0.856585
0.360407, 15.2396, -39.8471, -0.776242
0.364481, 15.6815, -39.7072, -0.732301
0.369301, 16.2892, -39.4959, -0.676094
0.373305, 16.6501, -39.3232, -0.629507
0.378092, 17.2063, -39.0474, -0.552221
0.383306, 17.8016, -38.781, -0.5008
0.387838, 18.4854, -38.4183, -0.39582
0.392733, 19.0811, -38.1481, -0.351403
0.397625, 19.57, -37.8859, -0.281918
0.402397, 20.2163, -37.5055, -0.165009
0.406403, 20.6761, -37.2723, -0.119117
0.41121, 21.2935, -36.9199, -0.0272864
0.415391, 21.6173, -36.7267, 0.0260827
0.419992, 22.1672, -36.3925, 0.118491
0.423994, 22.6193, -36.1107, 0.197112
0.428871, 23.2981, -35.6856, 0.311
0.432876, 23.8192, -35.3785, 0.376817
0.43761, 24.3707, -35.0367, 0.456585
0.442466, 24.9413, -34.6088, 0.551985
0.446494, 25.422, -34.2788, 0.594774
0.450513, 25.914, -33.9984, 0.632839
0.455235, 26.3573, -33.6549, 0.695484
0.460226, 26.9676, -33.2302, 0.752751
0.46501, 27.5102, -32.8264, 0.815587
0.469806, 28.1825, -32.3291, 0.895147
0.473813, 28.6382, -32.0299, 0.944158
0.478677, 29.2127, -31.5858, 1.01112
0.483465, 29.7609, -31.1799, 1.0983
0.488408, 30.2788, -30.8066, 1.16769
0.492475, 30.6367, -30.5602, 1.20364
0.497231, 31.1859, -30.1488, 1.28164
0.502005, 31.7356, -29.7352, 1.35604
0.506998, 32.2176, -29.3442, 1.43957
0.511982, 32.7, -28.9514, 1.52012
0.516878, 33.2818, -28.496, 1.59718
0.521538, 33.7339, -28.1348, 1.65856
0.52655, 34.1805, -27.7258, 1.75625
0.531448, 34.6275, -27.315, 1.85108
0.535567, 34.9814, -27.0109, 1.90702
0.540207, 35.3356, -26.7057, 1.96126
0.545082, 35.7524, -26.3267, 2.03714
0.549937, 36.1327, -25.9358, 2.13735
0.55475, 36.6127, -25.4804, 2.23075
0.558753, 36.9311, -25.1599, 2.30375
0.563618, 37.2811, -24.8014, 2.38596
0.568478, 37.6314, -24.4416, 2.46619
0.573402, 37.9819, -24.0807, 2.54441
0.577411, 38.2699, -23.793, 2.60012
0.582243, 38.5124, -23.4429, 2.68082
0.586983, 38.8637, -23.0787, 2.75371
0.591961, 39.1748, -22.6994, 2.81374
0.595963, 39.4181, -22.3467, 2.88963
0.600865, 39.716, -21.8661, 2.98138
0.605531, 40.0281, -21.4839, 3.03565
0.610505, 40.2636, -21.0772, 3.10478
0.615459, 40.531, -20.6317, 3.18091
0.620248, 40.7038, -20.2999, 3.22918
0.625218, 40.9316, -19.8398, 3.29109
0.629947, 41.128, -19.4176, 3.34271
0.633952, 41.3015, -19.0845, 3.38695
0.638732, 41.5451, -18.4818, 3.44602
0.642742, 41.6703, -18.0842, 3.47402
0.647584, 41.8191, -17.5968, 3.50522
0.65239, 41.9682, -17.1091, 3.53436
0.657378, 42.1412, -16.5316, 3.56519
0.662107, 42.2505, -16.0318, 3.57937
0.667161, 42.3279, -15.571, 3.58473
0.671941, 42.4292, -15.0207, 3.59098
0.675945, 42.507, -14.5603, 3.59253
0.67995, 42.5161, -14.1294, 3.61352
0.684797, 42.601, -13.4789, 3.60418
0.689584, 42.6256, -12.9087, 3.61778
0.694485, 42.6417, -12.2888, 3.62374
0.699456, 42.5886, -11.699, 3.64844
0.704253, 42.5484, -11.2093, 3.64329
0.70922, 42.4908, -10.6202, 3.62474
0.71402, 42.4288, -9.98318, 3.63558
0.71886, 42.3536, -9.29672, 3.59865
0.723737, 42.2323, -8.55241, 3.57833
0.728667, 42.1194, -7.85954, 3.56039
0.733488, 41.9973, -7.11898, 3.53135
0.73838, 41.8965, -6.52777, 3.48185
0.742417, 41.8, -5.93813, 3.46792
0.74729, 41.7033, -5.34968, 3.45118
0.752089, 41.5886, -4.66469, 3.41528
0.756969, 41.4273, -3.92294, 3.39365
0.761792, 41.3028, -3.19299, 3.34104
0.766937, 41.1405, -2.45533, 3.31051
0.771547, 40.9466, -1.52625, 3.27647
0.776479, 40.7546, -0.831551, 3.27184
0.781517, 40.5817, -0.0525805, 3.21707
0.786462, 40.4133, 0.724966, 3.19605
0.79111, 40.276, 1.30886, 3.17388
0.796051, 40.0691, 2.09229, 3.17013
0.800944, 39.9087, 2.81651, 3.14681
0.805829, 39.6668, 3.55678, 3.13174
0.810714, 39.3924, 4.48433, 3.10373
0.815499, 39.1833, 5.25857, 3.07962
0.820426, 38.9012, 6.00147, 3.0747
0.825361, 38.6567, 6.73244, 3.03986
0.829368, 38.4304, 7.36863, 3.02638
0.834222, 38.1692, 7.96452, 3.00867
0.838961, 37.8845, 8.69927, 2.98638
0.843007, 37.622, 9.29177, 2.9616
0.84787, 37.2972, 10.0322, 2.9553
0.85277, 36.9041, 10.9166, 2.92569
0.857474, 36.494, 11.6687, 2.91811
0.861475, 36.2287, 12.2535, 2.87736
0.866395, 35.8558, 12.9912, 2.83624
0.870451, 35.5403, 13.6271, 2.79687
0.875103, 35.1987, 14.1782, 2.76953
0.879967, 34.7837, 14.9192, 2.73836
0.88484, 34.3226, 15.6639, 2.68614
0.88984, 33.8601, 16.4058, 2.62815
0.894694, 33.2574, 17.2624, 2.59978
0.899495, 32.752, 18.0082, 2.55191
0.904437, 32.2452, 18.7513, 2.49796
0.90933, 31.6663, 19.468, 2.50009
0.913332, 31.3364, 19.9168, 2.4744
0.918036, 30.6944, 20.7255, 2.45221
0.922908, 30.1609, 21.3826, 2.43374
0.92772, 29.5149, 22.1854, 2.39708
0.931818, 29.0243, 22.8325, 2.3846
0.93583, 28.5059, 23.3981, 2.38736
0.940527, 27.9153, 24.0986, 2.34859
0.945368, 27.3328, 24.7545, 2.32317
0.950301, 26.6973, 25.46, 2.2925
0.95521, 26.1827, 25.9765, 2.29528
0.960002, 25.5535, 26.636, 2.27306
0.96491, 24.9224, 27.2932, 2.24465
0.969773, 24.2473, 27.9581, 2.22945
0.974662, 23.4755, 28.6813, 2.2247
0.979535, 22.7631, 29.3103, 2.23552
0.984412, 22.1008, 29.8866, 2.24261
0.988423, 21.5747, 30.3911, 2.21068
0.993181, 20.8558, 31.0143, 2.20336
0.998089, 20.2935, 31.4852, 2.20237
1.00302, 19.6135, 32.0947, 2.16546
1.00787, 18.8979, 32.6719, 2.16232
1.01274, 18.1264, 33.2967, 2.14703
1.01761, 17.201, 34.0276, 2.12823
1.02251, 16.3992, 34.5781, 2.15994
1.0274, 15.6385, 35.1172, 2.16849
1.03232, 14.8208, 35.7031, 2.16249
1.0373, 14.208, 36.1313, 2.159
1.04204, 13.385, 36.7134, 2.13976
1.04703, 12.6138, 37.2448, 2.12244
1.05192, 11.7849, 37.8224, 2.08849
1.05672, 10.9985, 38.388, 2.03265
1.06169, 10.0174, 39.0273, 2.00033
1.06655, 9.22505, 39.5878, 1.92894
1.07141, 8.43983, 40.108, 1.87599
1.07621, 7.59622, 40.6731, 1.80359
1.08051, 7.16851, 40.9734, 1.75157
1.0852, 6.38621, 41.4502, 1.70706
1.0899, 5.59175, 41.9624, 1.63002
1.0939, 4.91707, 42.3423, 1.60173
1.09879, 4.0708, 42.8595, 1.52394
1.10359, 3.0799, 43.4011, 1.47209
1.10845, 2.24469, 43.8336, 1.39354
1.11339, 1.44633, 44.2977, 1.30945
1.11837, 0.635966, 44.7961, 1.19162
1.12237, -0.00470269, 45.1566, 1.11985
1.12706, -0.598907, 45.5069, 1.03438
1.13194, -1.40625, 45.9628, 0.927143
1.13687, -2.25597, 46.3832, 0.811617
1.1418, -3.05911, 46.7987, 0.719204
1.14663, -3.98114, 47.3002, 0.580538
1.15143, -4.77143, 47.6341, 0.492895
1.15638, -5.52403, 47.9992, 0.401955
1.16128, -6.15239, 48.2343, 0.338555
1.1653, -6.73275, 48.4603, 0.264601
1.17006, -7.44148, 48.8128, 0.153148
1.17486, -8.18307, 49.0959, 0.0629496
1.17986, -8.91747, 49.3427, -0.00304973
1.18477, -9.61305, 49.6152, -0.108817
1.18951, -10.5013, 49.8776, -0.205704
1.19442, -11.1504, 50.1394, -0.326439
1.19847, -11.6825, 50.3209, -0.363666
1.20322, -12.3654, 50.514, -0.465552
1.2081, -12.8401, 50.6519, -0.483264
1.21304, -13.4564, 50.7671, -0.536636
1.21794, -14.0847, 50.9213, -0.584826
1.22276, -14.7052, 51.0406, -0.606482
1.22764, -15.4187, 51.1347, -0.632577
1.23254, -16.0219, 51.1793, -0.639137
1.23748, -16.5747, 51.2162, -0.651583
1.24231, -17.18, 51.26, -0.663836
1.24722, -17.6314, 51.2817, -0.686417
1.2521, -18.1776, 51.2838, -0.675983
1.25691, -18.713, 51.2468, -0.675671
1.26188, -19.3009, 51.2169, -0.675921
1.26675, -19.8777, 51.1483, -0.686564
1.2708, -20.3386, 51.0269, -0.710093
1.27546, -21.1065, 50.7676, -0.72781
1.2805, -21.6553, 50.4463, -0.723632
1.28538, -22.1255, 50.041, -0.738543
1.29023, -22.5151, 49.6986, -0.741959
1.29508, -22.9692, 49.2551, -0.770195
1.29997, -23.4605, 48.7805, -0.809315
1.30484, -23.9104, 48.3374, -0.844069
1.30976, -24.436, 47.832, -0.898455
1.31461, -25.0455, 47.2988, -1.00384
1.31941, -25.5364, 46.8595, -1.08771
1.32434, -26.0154, 46.3863, -1.14542
1.32926, -26.4255, 46.0099, -1.21742
1.33423, -26.9759, 45.4752, -1.30077
1.33895, -27.4383, 44.9686, -1.33955
1.34381, -27.9262, 44.3968, -1.36286
1.34889, -28.421, 43.8598, -1.4196
1.35366, -28.9405, 43.2576, -1.46211
1.35846, -29.5306, 42.594, -1.53153
1.36338, -30.0068, 42.0233, -1.57288
1.36837, -30.5264, 41.4569, -1.65874
1.37343, -30.934, 40.9833, -1.7135
1.37802, -31.4384, 40.383, -1.77899
1.38297, -31.9396, 39.783, -1.84914
1.38786, -32.402, 39.2142, -1.91125
1.39266, -32.8875, 38.5801, -1.96218
1.39747, -33.5111, 37.8242, -2.07097
1.40154, -33.8941, 37.3176, -2.11988
1.40641, -34.4149, 36.6896, -2.22693
1.4111, -34.9224, 36.0269, -2.31131
1.41523, -35.2489, 35.6528, -2.39779
1.42012, -35.7606, 35.0265, -2.51805
1.4249, -36.2689, 34.401, -2.64326
1.42985, -36.8076, 33.7461, -2.78849
1.43473, -37.3187, 33.1577, -2.95091
1.43875, -37.7495, 32.5947, -3.05962
1.44344, -38.3441, 31.8825, -3.25164
1.44749, -38.7688, 31.321, -3.36909
1.45237, -39.2566, 30.7004, -3.52314
1.45638, -39.6062, 30.3056, -3.61335
1.46093, -40.1111, 29.6211, -3.76566
1.46505, -40.5119, 29.1322, -3.86915
1.46989, -41.0196, 28.4538, -3.99259
1.47389, -41.4478, 27.9369, -4.12072
1.47857, -41.9491, 27.2603, -4.25382
1.4835, -42.5531, 26.395, -4.41339
1.48849, -43.0154, 25.7498, -4.54002
1.49319, -43.5268, 25.0109, -4.68338
1.49751, -43.7969, 24.5743, -4.77
1.50204, -44.1896, 23.8834, -4.87843
1.50605, -44.5281, 23.2875, -4.97793
1.5108, -44.9356, 22.5322, -5.08993
1.5148, -45.2389, 21.9661, -5.17758
1.51971, -45.6404, 21.2118, -5.29929
1.52446, -46.0879, 20.3641, -5.44282
1.52939, -46.4229, 19.6682, -5.53503
1.53343, -46.7166, 19.104, -5.6383
1.53821, -47.0084, 18.5402, -5.74465
1.54303, -47.3465, 17.8829, -5.87257
1.54801, -47.6426, 17.2171, -5.95963
1.55289, -47.9365, 16.5515, -6.05072
1.55774, -48.2281, 15.8862, -6.14583
1.56257, -48.5173, 15.2213, -6.24496
1.56762, -48.7758, 14.5847, -6.32588
1.5724, -49.0783, 13.8548, -6.43242
1.57723, -49.35, 13.1529, -6.52109
1.58129, -49.4937, 12.7692, -6.56716
1.58611, -49.7445, 12.1334, -6.66188
1.59099, -49.9548, 11.4871, -6.71489
1.59583, -50.1634, 10.8407, -6.77143
1.60075, -50.3975, 10.1671, -6.85496
1.60563, -50.6022, 9.52071, -6.91873
1.61043, -50.8378, 8.74278, -6.99082
1.61549, -51.0276, 8.05763, -7.04106
1.62023, -51.1942, 7.54287, -7.10996
1.62426, -51.3329, 7.05508, -7.15678
1.62902, -51.5176, 6.36968, -7.21658
1.63388, -51.7004, 5.68415, -7.28023
1.63883, -51.8547, 5.02515, -7.32288
1.64361, -52.0072, 4.36588, -7.36903
1.64764, -52.1015, 3.86479, -7.38333
1.6524, -52.243, 3.05982, -7.40131
1.6564, -52.3234, 2.51829, -7.40108
1.66127, -52.4026, 1.97632, -7.40313
1.66528, -52.4664, 1.50003, -7.40117
1.66999, -52.508, 0.875516, -7.40724
1.67495, -52.5223, 0.27642, -7.39035
1.67984, -52.5114, -0.365261, -7.39557
1.68927, -52.4099, -0.931282, -7.36364
1.69346, -52.1304, -2.12405, -7.32124
1.69838, -51.9163, -2.83353, -7.31387
1.70241, -51.7981, -3.29732, -7.34099
1.70723, -51.6672, -3.80245, -7.35223
1.71197, -51.562, -4.44169, -7.38398
1.71599, -51.4297, -4.94816, -7.40004
1.72087, -51.3226, -5.58893, -7.43774
1.72492, -51.2259, -6.12166, -7.44698
1.7296, -51.0664, -6.82131, -7.43016
1.73445, -50.9431, -7.61484, -7.45531
1.7385, -50.8435, -8.15014, -7.47324
1.7425, -50.743, -8.68608, -7.49347
1.74656, -50.6791, -9.1388, -7.5091
1.75109, -50.5398, -9.7598, -7.54089
1.756, -50.4735, -10.3901, -7.6079
1.76079, -50.319, -11.0547, -7.63066
1.76481, -50.1784, -11.5684, -7.67452
1.76962, -50.0598, -12.2174, -7.74666
1.77463, -49.8531, -12.9015, -7.77569
1.77942, -49.6698, -13.6116, -7.83692
1.78343, -49.4881, -14.1455, -7.84938
1.78823, -49.3194, -14.6372, -7.8784
1.79232, -49.1854, -15.1553, -7.89879
1.79693, -48.9392, -15.7513, -7.9018
1.80094, -48.7549, -16.2879, -7.92431
1.8058, -48.5073, -16.8856, -7.93348
1.81077, -48.2345, -17.5259, -7.97225
1.81542, -47.87, -18.3147, -7.97452
1.81943, -47.6729, -18.7864, -7.99317
1.82344, -47.4125, -19.3195, -7.99975
1.82749, -47.1757, -19.8776, -8.03805
1.83219, -46.8904, -20.3877, -8.0213
1.83706, -46.5412, -21.0257, -8.05125
1.84196, -46.1769, -21.7086, -8.07404
1.84677, -45.8119, -22.3924, -8.10161
1.85077, -45.5002, -22.9471, -8.12692
1.85565, -45.1251, -23.5641, -8.14459
1.86041, -44.6473, -24.3295, -8.17515
1.8647, -44.3493, -24.8416, -8.22209
1.86942, -43.925, -25.4779, -8.25313
1.87418, -43.618, -25.9219, -8.28673
1.87945, -43.1696, -26.5353, -8.29633
1.88387, -42.7516, -27.0592, -8.32885
1.88884, -42.2471, -27.6215, -8.32811
1.89375, -41.7581, -28.139, -8.34062
1.89849, -41.2694, -28.6566, -8.35726
1.90345, -40.5759, -29.2226, -8.31794
1.90838, -39.946, -29.7262, -8.29024
1.9132, -39.4897, -30.0881, -8.27411
1.91723, -38.9866, -30.4667, -8.26394
1.92202, -38.3742, -30.9239, -8.25669
1.92609, -37.8881, -31.2559, -8.26072
1.93078, -37.2772, -31.7123, -8.26186
1.93569, -36.6204, -32.1846, -8.27208
1.94054, -36.0581, -32.6237, -8.27827
1.94539, -35.2944, -33.1733, -8.30232
1.95035, -34.6569, -33.5974, -8.33446
1.9551, -34.0047, -34.0669, -8.36575
1.9592, -33.5865, -34.3332, -8.39494
1.96396, -32.8902, -34.8172, -8.44077
1.96887, -32.2635, -35.245, -8.45038
1.97383, -31.6318, -35.6651, -8.50511
1.97861, -30.9856, -36.131, -8.56001
1.9835, -30.3567, -36.5493, -8.6242
1.9875, -29.7586, -36.9982, -8.68141
1.99241, -29.1215, -37.4694, -8.71042
1.99721, -28.6779, -37.8249, -8.75604
2.00206, -28.0588, -38.2482, -8.79692
2.007, -27.5102, -38.6799, -8.86257
2.01195, -26.9222, -39.1342, -8.90044
2.01676, -26.3145, -39.6268, -8.98068
2.02163, -25.7285, -40.0802, -9.02759
2.02654, -25.1598, -40.486, -9.08091
2.03137, -24.4987, -41.0477, -9.14271
2.03539, -24.0209, -41.4237, -9.18442
2.04034, -23.6124, -41.8089, -9.24749
2.04506, -23.1195, -42.2319, -9.29379
2.04997, -22.6272, -42.6548, -9.34348
2.0549, -22.1356, -43.0775, -9.39655
2.05974, -21.6885, -43.4861, -9.44183
2.0645, -21.2858, -43.8805, -9.47873
2.06855, -20.96, -44.1655, -9.50668
2.07351, -20.5579, -44.5601, -9.54815
2.07839, -20.0114, -45.0544, -9.58822
2.08306, -19.6623, -45.3156, -9.59364
2.08728, -19.3378, -45.6005, -9.6292
2.09194, -18.8449, -45.9613, -9.6358
2.09594, -18.4967, -46.2223, -9.64645
2.10074, -18.0889, -46.545, -9.67268
2.10562, -17.657, -46.8439, -9.6726
2.11068, -17.1396, -47.1695, -9.70087
2.11536, -16.5573, -47.4955, -9.67729
2.11964, -16.1602, -47.6972, -9.68056
2.1241, -15.7635, -47.8986, -9.68542
2.12822, -15.4019, -48.0144, -9.64746
2.1329, -14.8974, -48.2291, -9.61518
2.13789, -14.41, -48.3949, -9.58263
2.14273, -13.9408, -48.5232, -9.50985
2.14752, -13.4717, -48.6511, -9.43897
2.15254, -12.9946, -48.7058, -9.33901
2.15754, -12.501, -48.8085, -9.24401
2.16222, -11.9154, -48.8749, -9.11045
2.16705, -11.522, -48.8903, -9.02574
2.17206, -11.0036, -48.9666, -8.90911
2.17691, -10.4764, -48.969, -8.76367
2.1817, -10.0161, -48.9822, -8.63225
2.18572, -9.55574, -48.9948, -8.50253
2.19053, -9.01187, -49.0433, -8.36692
2.1947, -8.5258, -49.0294, -8.21381
2.19933, -7.95618, -49.0512, -8.05572
2.20344, -7.57855, -49.024, -7.94014
2.20823, -7.00862, -49.0439, -7.78637
2.21298, -6.45456, -49.0134, -7.63102
2.21787, -5.85849, -49.0057, -7.45583
2.22283, -5.27806, -48.9473, -7.27914
2.22765, -4.65607, -48.8998, -7.12236
2.23248, -3.99204, -48.8744, -6.94699
2.23661, -3.51986, -48.8018, -6.80883
2.24147, -2.87104, -48.724, -6.63485
2.24655, -2.19659, -48.607, -6.47752
2.25103, -1.54721, -48.5256, -6.31038
2.256, -0.872237, -48.4049, -6.16017
2.26091, -0.118394, -48.1915, -5.97696
2.26568, 0.543396, -48.028, -5.79078
2.26969, 1.13692, -47.8663, -5.65307
2.27455, 1.85199, -47.6339, -5.46335
2.27955, 2.60808, -47.4106, -5.29728
2.2843, 3.5408, -47.0596, -5.03449
2.28929, 4.19081, -46.8343, -4.86372
2.2941, 4.96366, -46.5354, -4.64518
2.29888, 5.76509, -46.2052, -4.40841
2.30291, 6.4051, -45.9326, -4.20665
2.30768, 7.20878, -45.5958, -3.98033
2.31263, 8.04151, -45.2267, -3.73704
2.31792, 8.86167, -44.8034, -3.49553
2.32239, 9.67148, -44.4649, -3.24851
2.32711, 10.6753, -43.8988, -2.93125
2.33124, 11.3107, -43.5664, -2.71552
2.33599, 12.0149, -43.2129, -2.50397
2.34091, 12.8317, -42.7278, -2.25113
2.34577, 13.6922, -42.2584, -1.98851
2.35067, 14.5414, -41.7335, -1.72919
2.35554, 15.4053, -41.2541, -1.4815
2.36041, 16.297, -40.7302, -1.26012
2.36546, 17.1514, -40.19, -1.024
2.37021, 18.017, -39.6871, -0.83811
2.37505, 18.836, -39.1257, -0.594269
2.37993, 19.6659, -38.6021, -0.400129
2.38482, 20.4971, -38.0739, -0.213333
2.38969, 21.2912, -37.53, -0.0101033
2.39458, 22.0868, -36.9815, 0.186033
2.39947, 22.8455, -36.4174, 0.399176
2.40449, 23.6056, -35.8487, 0.605443
2.4092, 24.4655, -35.22, 0.813762
2.41421, 25.0396, -34.7977, 0.947808
2.419, 25.7355, -34.2387, 1.1427
2.42387, 26.4022, -33.7093, 1.3156
2.42875, 27.07, -33.1764, 1.4829
2.43364, 27.701, -32.6289, 1.66968
2.43852, 28.3026, -32.1122, 1.83606
2.44342, 28.9051, -31.5922, 1.99757
2.4485, 29.5085, -31.0691, 2.15415
2.45309, 30.2051, -30.4376, 2.34802
2.45805, 30.612, -30.0268, 2.48984
2.46294, 31.1496, -29.5188, 2.64411
2.46783, 31.688, -29.0081, 2.79409
2.47183, 32.0657, -28.6267, 2.9134
2.47667, 32.6054, -28.1111, 3.0559
2.48069, 32.9842, -27.7262, 3.16976
2.48545, 33.4566, -27.2313, 3.31844
2.48948, 33.8051, -26.8793, 3.4149
2.49439, 34.2101, -26.406, 3.57143
2.49908, 34.6496, -25.9373, 3.66058
2.50402, 35.0244, -25.4968, 3.79936
2.50898, 35.4276, -25.0138, 3.90871
2.51386, 35.794, -24.5185, 4.04134
2.51871, 36.1297, -24.0586, 4.16019
2.52356, 36.4658, -23.5973, 4.27643
2.5285, 36.8024, -23.1345, 4.39005
2.53253, 37.045, -22.7831, 4.47073
2.53708, 37.4365, -22.1911, 4.59823
2.54119, 37.6167, -21.9132, 4.65561
2.54598, 37.9145, -21.4322, 4.74877
2.55086, 38.1811, -20.988, 4.83009
2.5558, 38.4393, -20.4916, 4.90738
2.56075, 38.698, -19.9943, 4.9822
2.56549, 38.9167, -19.4833, 5.0436
2.57039, 39.1358, -18.9717, 5.10257
2.57445, 39.2918, -18.5365, 5.14258
2.5794, 39.4713, -18.0114, 5.18619
2.58404, 39.6512, -17.4861, 5.22737
2.58805, 39.7589, -16.9868, 5.24755
2.59293, 39.8903, -16.398, 5.26974
2.5978, 39.9814, -15.7972, 5.27808
2.60262, 40.0267, -15.1358, 5.30623
2.6075, 40.0774, -14.5242, 5.29738
2.61154, 40.1458, -14.0144, 5.29438
2.61649, 40.1883, -13.3534, 5.27534
2.62107, 40.1795, -12.5837, 5.30722
2.62509, 40.2246, -12.1649, 5.29537
2.62996, 40.151, -11.475, 5.30818
2.635, 40.1476, -10.7575, 5.29649
2.63982, 40.0964, -10.2192, 5.28159
2.64463, 39.9496, -9.32362, 5.28486
2.64947, 39.8577, -8.5399, 5.26877
2.65444, 39.7239, -7.74753, 5.23582
2.65941, 39.5846, -6.90837, 5.22854
2.66445, 39.4409, -6.07124, 5.17742
2.66903, 39.2626, -5.22679, 5.18465
2.67399, 39.0797, -4.38471, 5.14785
2.67887, 38.9386, -3.55504, 5.11783
2.68377, 38.7163, -2.70814, 5.09512
2.68863, 38.4884, -1.81512, 5.09543
2.69352, 38.2739, -1.02184, 5.07026
2.69847, 38.0355, -0.086171, 5.04813
2.70342, 37.8381, 0.606268, 5.03236
2.70827, 37.58, 1.63165, 4.97626
2.71305, 37.3489, 2.51066, 4.94492
2.71784, 37.0783, 3.39667, 4.932
2.72283, 36.8119, 4.23123, 4.88577
2.72769, 36.579, 5.10155, 4.83565
2.73257, 36.2626, 5.98695, 4.78946
2.73738, 36.0035, 6.76616, 4.73788
2.74233, 35.6808, 7.69375, 4.70464
2.74728, 35.4204, 8.46747, 4.64181
2.75201, 35.0805, 9.25836, 4.62157
2.757, 34.7793, 10.0368, 4.57208
2.76187, 34.4631, 10.9064, 4.52736
2.76681, 34.1208, 11.6892, 4.49018
2.77158, 33.808, 12.5048, 4.40934
2.77651, 33.4289, 13.2441, 4.36067
2.78142, 33.0345, 14.0737, 4.31449
2.7861, 32.5796, 14.9993, 4.25297
2.79027, 32.4362, 15.3345, 4.22537
2.79509, 31.9295, 16.3091, 4.15914
2.79997, 31.5056, 17.0453, 4.10644
2.80475, 31.1164, 17.8165, 4.04807
2.80875, 30.7507, 18.4499, 3.997
2.81364, 30.2734, 19.2321, 3.93311
2.81774, 29.9159, 19.8177, 3.89078
2.82238, 29.4365, 20.5945, 3.81595
2.82639, 29.0676, 21.2193, 3.74721
2.83149, 28.6205, 21.8147, 3.69641
2.836, 27.9943, 22.6988, 3.63044
2.84098, 27.53, 23.3791, 3.57026
2.84591, 26.9766, 24.0723, 3.5071
2.85074, 26.4166, 24.8097, 3.45733
2.85556, 25.8603, 25.4977, 3.38222
2.8605, 25.2704, 26.151, 3.34116
2.8654, 24.6691, 26.8437, 3.27398
2.87008, 24.066, 27.5338, 3.20054
2.87426, 23.576, 28.0776, 3.14528
2.87904, 22.9274, 28.7727, 3.07947
2.8839, 22.2771, 29.465, 3.00694
2.88875, 21.582, 30.1643, 2.94604
2.89376, 20.9278, 30.851, 2.85984
2.89849, 20.1756, 31.5947, 2.78039
2.90338, 19.4743, 32.2853, 2.69755
2.90838, 18.7174, 33.0226, 2.60203
2.91323, 18.0851, 33.5779, 2.55613
2.91728, 17.4511, 34.1313, 2.50495
2.92196, 16.4919, 34.9775, 2.40657
2.92643, 15.9813, 35.3496, 2.40435
2.93075, 14.9815, 36.1596, 2.32745
2.93476, 14.3489, 36.6648, 2.27505
2.93954, 13.5607, 37.2745, 2.21483
2.9445, 12.7151, 37.9296, 2.13752
2.94851, 12.0863, 38.3902, 2.09248
2.9532, 11.2452, 39.0018, 2.02537
2.95818, 10.4012, 39.6106, 1.95017
2.96296, 9.60976, 40.1693, 1.87867
2.96696, 8.9728, 40.622, 1.81129
2.97174, 8.17672, 41.1762, 1.72708
2.97575, 7.48983, 41.6344, 1.66225
2.98063, 6.65205, 42.1557, 1.60362
2.98543, 5.81133, 42.6746, 1.53765
2.99037, 4.93027, 43.1631, 1.50268
2.9951, 4.03636, 43.6861, 1.43327
2.9991, 3.35665, 44.0605, 1.39213
3.004, 2.51376, 44.5334, 1.32482
3.00889, 1.67733, 44.9675, 1.27768
3.01384, 0.780646, 45.4446, 1.20648
3.01868, -0.0138766, 45.8656, 1.13552
3.0235, -0.859247, 46.2931, 1.06785
3.02854, -1.7076, 46.7185, 0.993334
3.03335, -2.54961, 47.1058, 0.940012
3.0382, -3.19007, 47.4217, 0.874545
3.0422, -3.97906, 47.7613, 0.829729
3.04708, -4.77072, 48.0992, 0.779212
3.05193, -5.54666, 48.3589, 0.741831
3.05673, -6.28474, 48.6501, 0.701634
3.06173, -7.02515, 48.9399, 0.656532
3.06648, -7.74915, 49.1524, 0.626135
3.07139, -8.4256, 49.3612, 0.623145
3.0764, -9.05394, 49.5612, 0.610145
3.08122, -9.60541, 49.6422, 0.63726
3.08527, -10.1773, 49.7978, 0.64156
3.08991, -10.7506, 49.9528, 0.643045
3.09488, -11.3658, 50.0748, 0.638128
3.09978, -11.9317, 50.1885, 0.625245
3.10455, -12.4896, 50.267, 0.63915
3.10948, -13.0474, 50.3402, 0.612595
3.11441, -13.5565, 50.4103, 0.617254
3.11943, -14.1567, 50.4509, 0.581507
3.1241, -14.6569, 50.4811, 0.573367
3.12822, -15.097, 50.469, 0.589373
3.13306, -15.6794, 50.4352, 0.567794
3.13776, -16.1704, 50.4258, 0.545474
3.14177, -16.6009, 50.3745, 0.548079
3.14662, -17.164, 50.2672, 0.541205
3.15153, -17.7275, 50.16, 0.531708
3.15637, -18.2794, 50.014, 0.511622
3.16041, -18.7394, 49.8926, 0.492904
3.16525, -19.1474, 49.764, 0.470542
3.17003, -19.7791, 49.5558, 0.431105
3.1749, -20.3582, 49.3406, 0.386796
3.17984, -20.9369, 49.1259, 0.339467
3.18478, -21.515, 48.9115, 0.289126
3.18952, -22.1192, 48.6276, 0.220477
3.19441, -22.6701, 48.3367, 0.147841
3.19846, -23.1578, 48.0043, 0.101484
3.20331, -23.67, 47.6023, 0.0361962
3.20806, -24.1572, 47.1273, -0.011177
3.21216, -24.5743, 46.7495, -0.0744606
3.217, -25.0957, 46.2438, -0.137237
3.22178, -25.6241, 45.7731, -0.233413
3.2268, -26.1784, 45.237, -0.313683
3.23156, -26.6915, 44.7324, -0.388882
3.2365, -27.2118, 44.2629, -0.497163
3.24133, -27.7197, 43.7592, -0.580282
3.24625, -28.1126, 43.3488, -0.635968
3.25131, -28.6529, 42.8148, -0.736879
3.25592, -29.2544, 42.1847, -0.83555
3.25993, -29.631, 41.7404, -0.872147
3.26482, -30.1161, 41.2038, -0.945826
3.26977, -30.625, 40.6017, -1.00683
3.27447, -31.0947, 40.0308, -1.06047
3.27946, -31.6075, 39.4647, -1.15885
3.28443, -32.1075, 38.8639, -1.23353
3.28919, -32.5072, 38.3907, -1.30222
3.29402, -33.0981, 37.6638, -1.39674
3.29802, -33.4929, 37.1914, -1.47273
3.30283, -34.0064, 36.5266, -1.55079
3.3077, -34.5264, 35.8979, -1.66176
3.31255, -35.0329, 35.2342, -1.7503
3.31746, -35.5015, 34.6014, -1.82953
3.32156, -35.8985, 34.0295, -1.88381
3.32651, -36.3032, 33.4938, -1.96885
3.33128, -36.7874, 32.7963, -2.04912
3.33532, -37.177, 32.2255, -2.11497
3.3399, -37.7789, 31.373, -2.24174
3.34391, -38.1961, 30.7732, -2.3327
3.34879, -38.7412, 30.0224, -2.42856
3.35363, -39.2739, 29.2684, -2.56917
3.35845, -39.7596, 28.5086, -2.67307
3.36336, -40.2311, 27.7131, -2.75715
3.36818, -40.731, 26.8884, -2.86528
3.37218, -41.0011, 26.4103, -2.91413
3.3762, -41.377, 25.7411, -2.98633
3.3809, -41.9308, 24.7195, -3.0903
3.38579, -42.3633, 23.8524, -3.15447
3.39067, -42.8022, 23.0228, -3.25052
3.39555, -43.2578, 22.1273, -3.34784
3.40044, -43.6369, 21.2528, -3.38917
3.40553, -43.9922, 20.4447, -3.44168
3.41025, -44.3245, 19.703, -3.50399
3.41511, -44.6737, 18.895, -3.56775
3.41997, -45.0671, 17.8498, -3.60483
3.42489, -45.3984, 17.0038, -3.65846
3.42975, -45.6858, 16.148, -3.67403
3.43462, -45.9702, 15.2917, -3.69575
3.43951, -46.222, 14.4632, -3.70197
3.44444, -46.4711, 13.6341, -3.71385
3.44932, -46.7062, 12.7657, -3.70915
3.45428, -46.8851, 12.0971, -3.70969
3.45918, -47.1262, 11.2663, -3.73762
3.46391, -47.4165, 10.2342, -3.77477
3.4688, -47.6399, 9.36303, -3.79403
3.47281, -47.8097, 8.69248, -3.813
3.47764, -48.056, 7.79266, -3.86649
3.48249, -48.2592, 6.88011, -3.88225
3.48745, -48.443, 6.03391, -3.90109
3.49231, -48.6281, 5.07966, -3.90945
3.4973, -48.7348, 4.35348, -3.88725
3.5021, -48.8984, 3.46451, -3.90324
3.5069, -49.065, 2.35866, -3.89745
3.51091, -49.1918, 1.60249, -3.91547
3.51579, -49.3064, 0.69646, -3.90647
3.52067, -49.4451, -0.237584, -3.92913
3.52545, -49.5535, -1.14617, -3.93292
3.52954, -49.6164, -1.85277, -3.91991
3.53439, -49.6925, -2.73731, -3.90897
3.53916, -49.7383, -3.48751, -3.8869
3.54412, -49.8091, -4.37474, -3.88693
3.54888, -49.8901, -5.44123, -3.89483
3.55291, -49.9153, -6.12724, -3.87823
3.55768, -49.9907, -6.97646, -3.9125
3.5627, -50.0497, -7.86897, -3.93598
3.56746, -50.1057, -8.76276, -3.96547
3.5715, -50.0985, -9.49579, -3.98867
3.5764, -50.1251, -10.2553, -4.00506
3.5812, -50.1471, -11.1271, -4.02298
3.58607, -50.1165, -12.0176, -4.0422
3.59091, -50.0654, -13.0647, -4.05161
3.59491, -49.9955, -13.753, -4.04236
3.59971, -49.8812, -14.6412, -4.04705
3.60466, -49.7791, -15.4876, -4.07153
3.60943, -49.6341, -16.3544, -4.05953
3.6135, -49.4964, -16.9976, -4.04879
3.61839, -49.2975, -17.886, -4.04378
3.62247, -49.2114, -18.4006, -4.04053
3.62702, -49.0326, -19.2494, -4.01941
3.632, -48.8544, -20.2831, -4.02598
3.63687, -48.6783, -21.1377, -3.97908
3.64166, -48.4501, -22.0132, -3.93567
3.64668, -48.2927, -22.8292, -3.87329
3.65141, -48.0831, -23.6662, -3.81425
3.65549, -47.9444, -24.3265, -3.76452
3.66019, -47.7207, -25.2149, -3.66711
3.66421, -47.6199, -25.6724, -3.63574
3.6691, -47.4077, -26.5195, -3.55783
3.67325, -47.253, -27.1161, -3.50287
3.67782, -47.0006, -28.0591, -3.41686
3.68279, -46.7894, -28.7969, -3.34309
3.68763, -46.558, -29.5827, -3.26543
3.6925, -46.3593, -30.2782, -3.20938
3.69741, -46.1583, -30.9753, -3.15742
3.70141, -45.9912, -31.5811, -3.12488
3.70627, -45.8161, -32.1173, -3.07231
3.71102, -45.6091, -32.8188, -3.03131
3.71599, -45.3626, -33.6156, -2.98085
3.7209, -45.1693, -34.2736, -2.95543
3.72565, -44.9496, -34.9089, -2.90288
3.72965, -44.7849, -35.4041, -2.87204
3.73447, -44.5808, -35.9946, -2.8317
3.73885, -44.3892, -36.4676, -2.77464
3.74319, -44.1385, -37.0837, -2.70362
3.74726, -44.0027, -37.4161, -2.66687
3.75211, -43.7685, -37.9867, -2.60629
3.75714, -43.5524, -38.5109, -2.55348
3.76177, -43.2951, -39.1315, -2.49445
3.76577, -43.1159, -39.562, -2.45574
3.77066, -42.9156, -40.0411, -2.41481
3.77553, -42.7142, -40.521, -2.37609
3.78041, -42.5319, -40.9535, -2.34314
3.78441, -42.3207, -41.359, -2.3182
3.78921, -42.1089, -41.7651, -2.29495
3.79403, -41.6829, -42.3021, -2.2832
3.79889, -41.0467, -42.9739, -2.24924
3.8029, -40.6068, -43.359, -2.26304
3.80777, -40.14, -43.7158, -2.2857
3.8126, -39.5955, -43.9912, -2.29209
3.81751, -39.0694, -44.2125, -2.34075
3.82241, -38.5204, -44.4082, -2.36078
3.82643, -38.1152, -44.543, -2.36853
3.83114, -37.5678, -44.7361, -2.39324
3.83604, -36.9025, -44.9426, -2.40045
3.84128, -36.31, -45.152, -2.43676
3.84579, -35.6473, -45.3544, -2.45123
3.85076, -35.1274, -45.4975, -2.45067
3.85558, -34.6553, -45.6204, -2.44592
3.86041, -34.1128, -45.7366, -2.41887
3.86442, -33.7359, -45.8197, -2.40442
3.86939, -33.2415, -45.915, -2.37439
3.87444, -32.8412, -45.9719, -2.33196
3.87897, -32.3478, -46.0653, -2.30543
3.88306, -31.9482, -46.1207, -2.2658
3.88784, -31.3384, -46.224, -2.22775
3.89265, -30.8002, -46.3323, -2.21501
3.89762, -30.2848, -46.3964, -2.16616
3.90245, -29.748, -46.5021, -2.15789
3.90746, -29.1413, -46.5996, -2.13036
3.91227, -28.6522, -46.685, -2.11817
3.91723, -28.0932, -46.762, -2.08685
3.92201, -27.5134, -46.8802, -2.09701
3.92619, -27.0263, -46.9621, -2.09106
3.93081, -26.3074, -47.062, -2.06592
3.93565, -25.725, -47.1013, -2.0532
3.94049, -25.0786, -47.2053, -2.05465
3.94554, -24.4788, -47.2907, -2.04903
3.95043, -23.8096, -47.366, -2.0274
3.95531, -23.2818, -47.457, -2.0461
3.96005, -22.6395, -47.5545, -2.05976
3.96501, -21.9283, -47.6411, -2.05879
3.96988, -21.0836, -47.7744, -2.09628
3.97476, -20.4451, -47.8661, -2.12081
3.9796, -19.6933, -47.9623, -2.14384
3.98452, -19.0138, -48.0741, -2.14929
3.98951, -18.3093, -48.1504, -2.16799
3.99419, -17.588, -48.2742, -2.19346
3.99825, -17.2022, -48.3055, -2.19847
4.00309, -16.4396, -48.45, -2.20509
4.00807, -15.7406, -48.5277, -2.19938
4.01288, -14.8244, -48.6963, -2.18968
4.01772, -14.0925, -48.8695, -2.2
4.02262, -13.3799, -48.9913, -2.21069
4.02742, -12.6254, -49.1351, -2.20171
4.03236, -11.9156, -49.2624, -2.18238
4.03636, -11.3367, -49.3356, -2.16003
4.04109, -10.7844, -49.4342, -2.16758
4.04596, -10.095, -49.5166, -2.11574
4.05093, -9.43237, -49.6243, -2.09465
4.05591, -8.76199, -49.654, -2.04511
4.06068, -7.94688, -49.7838, -2.01422
4.06548, -7.2784, -49.8103, -1.97219
4.07043, -6.67863, -49.8575, -1.90569
4.07535, -5.9948, -49.9315, -1.8754
4.0802, -5.52383, -49.9256, -1.80192
4.08422, -5.02055, -50.0101, -1.779
4.08903, -4.35467, -50.0397, -1.7139
4.09311, -3.86818, -50.0817, -1.65201
4.09774, -3.07583, -50.1683, -1.57025
4.10272, -2.38554, -50.1664, -1.48921
4.10752, -1.74784, -50.2276, -1.42551
4.11242, -1.04273, -50.2733, -1.35768
4.11644, -0.532173, -50.2826, -1.28275
4.12124, 0.00338067, -50.2539, -1.222
4.12524, 0.554515, -50.2747, -1.16992
4.12994, 1.25694, -50.3155, -1.11449
4.13395, 1.80686, -50.3343, -1.06768
4.13877, 2.67032, -50.3136, -0.98327
4.14285, 3.20338, -50.2792, -0.935461
4.14752, 3.91412, -50.2349, -0.862613
4.15253, 4.63946, -50.2398, -0.800677
4.15736, 5.3487, -50.1921, -0.735562
4.1614, 5.94923, -50.146, -0.657573
4.16611, 6.56233, -50.1404, -0.62685
4.17104, 7.27156, -50.0973, -0.534926
4.17593, 8.03286, -49.9847, -0.436696
4.18075, 8.91766, -49.9258, -0.332393
4.18572, 9.67977, -49.8175, -0.206783
4.1905, 10.4414, -49.7068, -0.0857044
4.19539, 11.1747, -49.6238, 0.00798254
4.20037, 11.9074, -49.5388, 0.0975154
4.20437, 12.4911, -49.436, 0.190144
4.20907, 13.0722, -49.3229, 0.243297
4.21395, 13.7502, -49.1687, 0.352589
4.21889, 14.4535, -48.9732, 0.443518
4.22385, 15.2795, -48.6954, 0.573031
4.22871, 15.9542, -48.5259, 0.633647
4.23349, 16.6566, -48.3234, 0.712084
4.2375, 17.1426, -48.1159, 0.764302
4.24238, 17.7931, -47.8457, 0.867388
4.24723, 18.3305, -47.6993, 0.883255
4.25223, 18.94, -47.405, 0.96694
4.25704, 19.5212, -47.1405, 1.02672
4.26179, 20.1311, -46.8423, 1.10383
4.26675, 20.8364, -46.4899, 1.19352
4.27084, 21.2845, -46.2602, 1.25224
4.27551, 21.8567, -45.9443, 1.34393
4.28039, 22.4386, -45.6708, 1.38832
4.28442, 22.8871, -45.4371, 1.44034
4.28925, 23.3357, -45.2022, 1.49049
4.29405, 23.9466, -44.8913, 1.54609
4.29892, 24.4909, -44.5995, 1.60447
4.30297, 24.9398, -44.3607, 1.64785
4.30777, 25.609, -43.9778, 1.73125
4.31258, 26.1828, -43.6474, 1.79924
4.31745, 26.6902, -43.3371, 1.87149
4.32155, 26.9773, -43.1702, 1.90282
4.32629, 27.5142, -42.8235, 1.98875
4.3312, 28.0222, -42.5088, 2.05411
4.33605, 28.5011, -42.2265, 2.09948
4.34088, 29.0095, -41.9086, 2.15975
4.34498, 29.385, -41.6348, 2.23556
4.3497, 29.9231, -41.2794, 2.30796
4.35466, 30.3656, -40.9799, 2.37032
4.35951, 30.7712, -40.6675, 2.45693
4.36437, 31.1771, -40.3539, 2.54158
4.36848, 31.4282, -40.1673, 2.58613
4.37324, 31.8049, -39.8866, 2.6516
4.37808, 32.2016, -39.5169, 2.7372
4.3821, 32.4827, -39.2931, 2.7944
4.38685, 32.8503, -38.9564, 2.8608
4.39089, 33.1518, -38.6428, 2.93675
4.39563, 33.5866, -38.2797, 2.98804
4.40044, 33.9185, -37.9284, 3.07577
4.40445, 34.191, -37.6476, 3.13198
4.4093, 34.5808, -37.2168, 3.20936
4.41422, 34.8172, -36.9231, 3.28975
4.41904, 35.1413, -36.5149, 3.37567
4.42398, 35.445, -36.1946, 3.44058
4.42899, 35.7332, -35.7731, 3.54985
4.43371, 36.1186, -35.2885, 3.65756
4.43864, 36.4013, -34.8167, 3.80324
4.44385, 36.661, -34.4283, 3.89248
4.44836, 36.9447, -33.9541, 4.03379
4.45336, 37.19, -33.4628, 4.16346
4.45824, 37.3841, -33.0975, 4.26148
4.46299, 37.6391, -32.6572, 4.38356
4.46784, 37.9768, -32.0509, 4.54425
4.47184, 38.1332, -31.6679, 4.62782
4.47669, 38.4029, -31.0814, 4.76129
4.48151, 38.621, -30.6219, 4.86517
4.48651, 38.8311, -30.1089, 4.9695
4.49139, 39.0417, -29.5952, 5.07142
4.49539, 39.1916, -29.1568, 5.14837
4.50008, 39.3418, -28.7181, 5.22362
4.50509, 39.5148, -28.1883, 5.30985
4.50995, 39.6883, -27.658, 5.39361
4.51473, 39.8232, -27.1132, 5.46566
4.51875, 39.942, -26.4633, 5.53723
4.52354, 40.0386, -25.9044, 5.59445
4.5284, 40.1273, -25.2932, 5.64958
4.53333, 40.177, -24.6685, 5.69215
4.53758, 40.204, -24.1352, 5.72198
4.54222, 40.2312, -23.6022, 5.74948
4.54701, 40.2502, -23.0177, 5.77416
4.55192, 40.2525, -22.3299, 5.7945
4.5568, 40.2947, -21.6561, 5.82087
4.56169, 40.2888, -20.9184, 5.83213
4.56661, 40.2913, -20.2335, 5.84063
4.57147, 40.2937, -19.5495, 5.84528
4.57643, 40.2877, -18.8152, 5.8438
4.58112, 40.2668, -18.2237, 5.83527
4.58609, 40.1914, -17.5201, 5.84495
4.59091, 40.1532, -16.8284, 5.82382
4.59493, 40.1234, -16.1889, 5.80219
4.59978, 40.0387, -15.4385, 5.79634
4.6046, 39.9364, -14.5883, 5.77762
4.60952, 39.8509, -13.8415, 5.76187
4.6145, 39.765, -13.0964, 5.74153
4.61929, 39.6726, -12.5431, 5.72545
4.62418, 39.5862, -11.801, 5.69716
4.6282, 39.4932, -11.2501, 5.67514
4.63315, 39.4061, -10.5112, 5.63898
4.63785, 39.3099, -9.72423, 5.59216
4.64185, 39.2071, -9.12743, 5.55428
4.64661, 39.0505, -8.23436, 5.47286
4.65141, 38.9201, -7.49258, 5.40626
4.65546, 38.778, -6.89069, 5.38314
4.66041, 38.6375, -6.1036, 5.30052
4.66514, 38.5328, -5.51494, 5.24473
4.67008, 38.329, -4.80976, 5.18253
4.67487, 38.187, -4.0293, 5.08622
4.67887, 37.991, -3.37717, 5.02391
4.68379, 37.7759, -2.63012, 4.93959
4.68863, 37.523, -1.69279, 4.81239
4.69347, 37.2677, -0.941479, 4.74232
4.69752, 37.0689, -0.2984, 4.66255
4.70219, 36.8026, 0.495808, 4.57284
4.7062, 36.6309, 0.991943, 4.51706
4.71102, 36.3537, 1.82873, 4.40734
4.71588, 36.0368, 2.67215, 4.31609
4.71988, 35.7864, 3.36126, 4.22896
4.72492, 35.4285, 4.2085, 4.15054
4.72965, 35.0308, 5.23864, 4.01618
4.73442, 34.6608, 6.12459, 3.91061
4.73843, 34.3383, 6.77594, 3.8631
4.74339, 33.9268, 7.66526, 3.76875
4.74834, 33.5927, 8.35761, 3.69812
4.75305, 33.1393, 9.25004, 3.61402
4.75795, 32.6846, 10.1386, 3.52225
4.76287, 32.1886, 11.0332, 3.44589
4.76774, 31.6911, 11.9239, 3.36157
4.77261, 31.0821, 12.9648, 3.26825
4.77742, 30.5411, 13.8571, 3.18906
4.78145, 30.0689, 14.6026, 3.12785
4.78627, 29.6459, 15.2912, 3.05515
4.79111, 29.0095, 16.237, 2.9812
4.79603, 28.381, 17.1348, 2.91455
4.80088, 27.7505, 18.0285, 2.83886
4.80581, 27.118, 18.9181, 2.75416
4.81081, 26.4424, 19.8138, 2.68122
4.81548, 25.6515, 20.8535, 2.58416
4.8204, 24.9815, 21.6978, 2.50963
4.82446, 24.4131, 22.4336, 2.4249
4.82933, 23.7393, 23.2708, 2.33411
4.83404, 23.1462, 23.9269, 2.29425
4.83806, 22.5835, 24.6122, 2.20936
4.84293, 21.8622, 25.4495, 2.11453
4.84786, 21.0963, 26.2931, 2.02914
4.85268, 20.1696, 27.2857, 1.92586
4.85754, 19.3656, 28.09, 1.85836
4.86249, 18.5488, 28.931, 1.75951
4.86742, 17.8995, 29.5766, 1.68613
4.8723, 17.0345, 30.4203, 1.5859
4.87719, 16.1767, 31.2198, 1.49721
4.88204, 15.3159, 32.0154, 1.39818
4.88677, 14.4182, 32.7777, 1.32789
4.89078, 13.68, 33.3889, 1.27041
4.89558, 12.5241, 34.3112, 1.1864
4.90045, 11.6262, 35.0235, 1.10802
4.90541, 10.6801, 35.7422, 1.0342
4.90943, 9.88567, 36.3512, 0.956375
4.91424, 9.14393, 36.9096, 0.881854
4.919, 8.19836, 37.5807, 0.804994
4.923, 7.46153, 38.0961, 0.74097
4.92787, 6.62097, 38.6666, 0.671171
4.93278, 5.60999, 39.3757, 0.554086
4.9376, 4.5121, 40.0626, 0.475336
4.94252, 3.66169, 40.624, 0.378163
4.94747, 2.72309, 41.1581, 0.282539
4.95212, 1.82954, 41.6866, 0.206538
4.95628, 1.3109, 41.9638, 0.181496
4.96121, 0.421823, 42.4517, 0.119407
4.966, -0.42298, 42.9279, 0.0394522
4.97079, -1.26108, 43.3656, -0.0205273
4.97579, -2.14105, 43.7679, -0.0900098
4.98062, -3.16832, 44.1953, -0.140075
4.9854, -3.95794, 44.5818, -0.202992
4.98954, -4.6249, 44.8351, -0.244042
4.9944, -5.44885, 45.1498, -0.293134
4.99931, -6.10077, 45.3298, -0.287018
5.00397, -6.92008, 45.6065, -0.318728
5.00896, -7.6741, 45.8023, -0.306823
5.01382, -8.43985, 46.0326, -0.328085
5.01861, -9.22836, 46.1586, -0.301688
5.02262, -9.93975, 46.3432, -0.310622
5.02742, -10.683, 46.4593, -0.299778
5.03145, -11.319, 46.5227, -0.275769
5.03615, -12.0551, 46.597, -0.283403
5.04022, -12.5044, 46.6669, -0.276349
5.04506, -13.273, 46.6731, -0.267507
5.05001, -14.0338, 46.6442, -0.2346
5.05481, -14.695, 46.5986, -0.21454
5.05973, -15.4078, 46.5612, -0.194213
5.06466, -16.2897, 46.4359, -0.193006
5.06872, -16.8403, 46.3337, -0.201087
5.07339, -17.583, 46.2245, -0.209383
5.07741, -18.1221, 46.0826, -0.232885
5.08225, -18.6999, 45.9092, -0.265906
5.087, -19.4185, 45.721, -0.304648
5.09194, -20.1115, 45.4533, -0.366828
5.09684, -20.8419, 45.1547, -0.441262
5.10165, -21.5102, 44.8137, -0.493141
5.10656, -22.3293, 44.3473, -0.58348
5.11148, -23.0186, 43.9367, -0.663867
5.11638, -23.7715, 43.4291, -0.738956
5.12122, -24.2685, 43.031, -0.783211
5.1262, -24.9133, 42.508, -0.869543
5.13102, -25.6437, 41.9632, -0.97138
5.13581, -26.258, 41.367, -1.0507
5.13981, -26.8567, 40.8778, -1.14295
5.14462, -27.4495, 40.2429, -1.24343
5.14952, -28.2613, 39.4273, -1.3797
5.1544, -28.8453, 38.7942, -1.4937
5.15843, -29.3539, 38.2237, -1.5892
5.1633, -29.824, 37.6847, -1.67685
5.16809, -30.4584, 36.9565, -1.80405
5.17292, -31.0784, 36.1938, -1.91092
5.17692, -31.5639, 35.5904, -1.99907
5.1818, -32.1752, 34.8292, -2.1191
5.18659, -32.7719, 34.0333, -2.21934
5.19151, -33.4662, 33.1467, -2.37026
5.19641, -34.0526, 32.3526, -2.4865
5.2005, -34.5432, 31.6866, -2.59152
5.20519, -34.997, 31.0515, -2.68644
5.20922, -35.4479, 30.4171, -2.78598
5.21403, -36.0081, 29.5901, -2.90122
5.21897, -36.5735, 28.8004, -3.05001
5.2238, -37.1142, 27.939, -3.15433
5.2278, -37.5409, 27.2709, -3.25032
5.23251, -38.2234, 26.2254, -3.42905
5.23741, -38.7395, 25.3298, -3.53162
5.24172, -39.2079, 24.5681, -3.65661
5.24609, -39.7776, 23.6151, -3.8106
5.25018, -40.1231, 23.01, -3.90003
5.25524, -40.724, 22.0337, -4.049
5.25992, -41.2887, 20.9803, -4.19843
5.26481, -41.8368, 19.8907, -4.33474
5.26961, -42.3987, 18.8433, -4.46706
5.27453, -43.0221, 17.5272, -4.6365
5.27951, -43.5896, 16.4157, -4.79017
5.28448, -44.0603, 15.283, -4.90689
5.2892, -44.4906, 14.3923, -5.02224
5.2941, -44.9713, 13.3023, -5.14296
5.29899, -45.414, 12.1329, -5.26937
5.30377, -45.8721, 11.0056, -5.39048
5.30889, -46.2632, 9.82606, -5.49628
5.31363, -46.6482, 8.64659, -5.61385
5.31857, -46.9994, 7.49474, -5.71982
5.32288, -47.3449, 6.3428, -5.83686
5.32719, -47.6894, 5.08429, -5.94871
5.3312, -47.8591, 4.4549, -6.00952
5.33527, -48.1204, 3.42379, -6.10179
5.33991, -48.3658, 2.35225, -6.18338
5.34489, -48.6362, 1.1461, -6.2862
5.34977, -48.8745, -0.034116, -6.37539
5.35458, -49.081, -1.18876, -6.45007
5.35952, -49.35, -2.57217, -6.58502
5.36448, -49.5707, -3.75491, -6.70903
5.36934, -49.7982, -4.89697, -6.8613
5.37408, -49.9684, -5.77043, -6.98473
5.37809, -50.1229, -6.68547, -7.09753
5.38227, -50.2992, -7.62636, -7.24401
5.38681, -50.4703, -8.7853, -7.38786
5.39174, -50.6371, -9.8356, -7.54601
5.39664, -50.7123, -10.92, -7.6651
5.40144, -50.7205, -12.0648, -7.77391
5.40637, -50.6063, -13.0009, -7.85859
5.4104, -50.506, -13.719, -7.91229
5.4152, -50.2818, -14.4477, -7.93407
5.42001, -50.091, -15.2699, -8.00359
5.42489, -49.8984, -16.0933, -8.07866
5.42985, -49.6311, -16.9108, -8.12742
5.43473, -49.4457, -17.7381, -8.17466
5.43964, -49.2237, -18.5409, -8.23757
5.44384, -48.9867, -19.3225, -8.23758
5.44848, -48.7479, -20.1057, -8.24277
5.45331, -48.4927, -20.9345, -8.24126
5.45806, -48.2954, -21.5233, -8.23507
5.46207, -48.1309, -22.1395, -8.22214
5.46695, -47.8617, -22.9049, -8.21649
5.47174, -47.6642, -23.6123, -8.18889
5.47666, -47.4316, -24.2947, -8.17495
5.48166, -47.2057, -25.047, -8.18456
5.48649, -46.953, -25.8424, -8.22819
5.49133, -46.7795, -26.4662, -8.23776
5.49622, -46.6359, -27.0012, -8.26976
5.50109, -46.4832, -27.6505, -8.3156
5.50592, -46.329, -28.3007, -8.36489
5.50994, -46.1748, -28.7691, -8.38359
5.51484, -46.002, -29.4663, -8.43026
5.51973, -45.8687, -30.0775, -8.4585
5.52455, -45.6598, -30.868, -8.49643
5.5295, -45.4586, -31.5454, -8.52452
5.5344, -45.3037, -32.2056, -8.5557
5.53918, -45.1806, -32.7751, -8.60518
5.5441, -45.0225, -33.4373, -8.64307
5.54899, -44.8626, -34.1006, -8.68461
5.55393, -44.7009, -34.7649, -8.72981
5.5587, -44.5201, -35.4766, -8.7724
5.56364, -44.3145, -36.1668, -8.78794
5.56843, -44.0289, -37.0393, -8.82391
5.57338, -43.8235, -37.8019, -8.87501
5.58741, -43.6556, -38.2172, -8.86685
5.59186, -43.0437, -40.0798, -8.8907
5.59685, -42.658, -40.9416, -8.85762
5.60173, -42.3688, -41.5751, -8.81111
5.60649, -42.0114, -42.2764, -8.76868
5.61149, -41.5225, -43.1822, -8.76193
5.61637, -40.9905, -43.9146, -8.75008
5.62039, -40.5816, -44.4382, -8.74942
5.62511, -40.1606, -44.815, -8.73098
5.62928, -39.7538, -45.1369, -8.75561
5.63393, -39.2258, -45.4659, -8.799
5.63879, -38.6906, -45.7162, -8.85371
5.64363, -38.1066, -45.9128, -8.88614
5.64865, -37.6588, -46.046, -8.94324
5.65343, -37.1701, -46.2035, -8.9692
5.65823, -36.7528, -46.3017, -8.95339
5.66244, -36.4753, -46.3457, -8.92047
5.66715, -36.036, -46.42, -8.87541
5.67206, -35.6436, -46.4757, -8.82542
5.67684, -35.2287, -46.5081, -8.74514
5.68093, -34.9519, -46.5502, -8.71559
5.68564, -34.5374, -46.5813, -8.63756
5.69051, -34.192, -46.6171, -8.58518
5.69562, -33.7779, -46.6468, -8.5096
5.70041, -33.3179, -46.6929, -8.44271
5.70451, -33.0191, -46.7097, -8.38615
5.70906, -32.6285, -46.7602, -8.34547
5.71408, -32.1694, -46.8039, -8.2827
5.71891, -31.7524, -46.8214, -8.25262
5.7237, -31.3171, -46.8864, -8.2239
5.72869, -30.8365, -46.9671, -8.20493
5.73358, -30.3566, -47.0468, -8.18781
5.73843, -29.763, -47.1351, -8.15915
5.7432, -29.2575, -47.1805, -8.15457
5.7481, -28.8481, -47.2639, -8.16495
5.75223, -28.3706, -47.3393, -8.15538
5.75747, -27.8251, -47.4065, -8.12661
5.76179, -27.2353, -47.4882, -8.10978
5.76677, -26.6463, -47.5685, -8.09567
5.77161, -26.0134, -47.6629, -8.09434
5.77654, -25.4025, -47.7165, -8.05587
5.78147, -24.6347, -47.7912, -8.02194
5.78638, -23.9572, -47.8329, -7.97097
5.79108, -23.4616, -47.8749, -7.94991
5.79599, -22.7414, -47.9284, -7.91626
5.80001, -22.1788, -47.9589, -7.88177
5.80494, -21.5045, -47.9939, -7.84358
5.80964, -20.8134, -48.0757, -7.81078
5.81463, -20.1672, -48.1411, -7.76957
5.81943, -19.3681, -48.2345, -7.70042
5.82448, -18.6818, -48.3212, -7.63983
5.82925, -18.1759, -48.412, -7.602
5.83422, -17.6213, -48.4535, -7.50876
5.839, -17.031, -48.5813, -7.46234
5.8438, -16.4339, -48.6348, -7.38744
5.84782, -16.0163, -48.6942, -7.33145
5.8527, -15.4277, -48.8191, -7.29258
5.8575, -14.8749, -48.8558, -7.2112
5.86151, -14.4582, -48.9133, -7.16034
5.86644, -13.8034, -49.0245, -7.11495
5.87108, -13.3196, -49.0695, -7.05406
5.87511, -12.9716, -49.1363, -7.02164
5.88, -12.4458, -49.1935, -6.97865
5.88493, -11.9035, -49.299, -6.94148
5.88981, -11.421, -49.3412, -6.88777
5.89463, -10.8965, -49.3959, -6.85113
5.89952, -10.398, -49.4857, -6.80516
5.9045, -9.80686, -49.5268, -6.76094
5.90932, -9.30932, -49.6152, -6.71927
5.91332, -9.02244, -49.6157, -6.67774
5.91821, -8.48358, -49.7159, -6.65523
5.92301, -8.00365, -49.7531, -6.61434
5.928, -7.61722, -49.8275, -6.61288
5.93272, -7.07061, -49.8508, -6.56483
5.93766, -6.5502, -49.8986, -6.54589
5.94246, -6.05563, -49.9824, -6.51699
5.94743, -5.46899, -50.0156, -6.49257
5.95241, -4.99159, -50.0484, -6.46288
5.95746, -4.6231, -50.0813, -6.42673
5.962, -4.14638, -50.1129, -6.40017
5.96695, -3.71118, -50.1314, -6.35776
5.97184, -3.20908, -50.1357, -6.30837
5.97663, -2.81541, -50.1406, -6.25122
5.98064, -2.44807, -50.1711, -6.22131
5.98547, -1.98761, -50.1612, -6.15867
5.98948, -1.6352, -50.1524, -6.08701
5.99411, -1.09229, -50.1768, -6.02551
5.99826, -0.849122, -50.1577, -5.98356
6.00307, -0.362851, -50.1189, -5.90104
6.00789, 0.0563008, -50.0937, -5.82709
6.01278, 0.542391, -50.0533, -5.748
6.01784, 0.934794, -50.0534, -5.70231
6.02266, 1.51424, -49.9699, -5.59534
6.02741, 2.04023, -49.9387, -5.5411
6.0315, 2.51059, -49.8448, -5.46351
6.03638, 3.04789, -49.7348, -5.38248
6.04043, 3.35751, -49.6967, -5.34333
6.04497, 3.85281, -49.5619, -5.28445
6.04898, 4.29611, -49.4917, -5.23815
6.05386, 4.75148, -49.3433, -5.1629
6.05786, 5.17987, -49.2214, -5.11366
6.06256, 5.67725, -49.0938, -5.02374
6.06745, 6.13288, -48.9425, -4.95375
6.0725, 6.6159, -48.7626, -4.86164
6.07718, 7.16602, -48.5652, -4.76858
6.08124, 7.42142, -48.4602, -4.71262
6.08609, 7.8656, -48.2657, -4.60498
6.09095, 8.27071, -48.0588, -4.47809
6.09575, 8.70382, -47.8227, -4.32956
6.09977, 9.01518, -47.6588, -4.23095
6.10461, 9.42148, -47.4489, -4.10859
6.10945, 9.78892, -47.2265, -3.96643
6.11447, 10.1568, -47.0032, -3.82568
6.11937, 10.6481, -46.7037, -3.64023
6.12428, 10.922, -46.5244, -3.526
6.12899, 11.2913, -46.2979, -3.38967
6.13303, 11.5938, -46.0881, -3.25514
6.13784, 11.9921, -45.8303, -3.0994
6.14268, 12.3628, -45.6006, -2.96732
6.14762, 12.7621, -45.3404, -2.81491
6.15251, 13.201, -45.0903, -2.68642
6.15764, 13.6013, -44.8275, -2.5376
6.16207, 14.0127, -44.6046, -2.43424
6.1661, 14.357, -44.3993, -2.33129
6.17011, 14.6497, -44.1313, -2.20181
6.17492, 15.0519, -43.864, -2.05937
6.17977, 15.426, -43.6258, -1.9395
6.18467, 15.8162, -43.3054, -1.79547
6.1896, 16.1912, -43.0649, -1.67881
6.19442, 16.5439, -42.7308, -1.5155
6.19945, 16.8424, -42.4658, -1.35598
6.20433, 17.1673, -42.16, -1.21604
6.20925, 17.4668, -41.8929, -1.05914
6.21393, 17.7541, -41.5738, -0.898951
6.21793, 17.9838, -41.3161, -0.779514
6.22283, 18.3108, -41.0064, -0.645166
6.22767, 18.5318, -40.7046, -0.485141
6.23252, 18.8212, -40.3816, -0.330288
6.23745, 19.0695, -40.0382, -0.191943
6.24147, 19.2889, -39.7257, -0.0739733
6.24622, 19.4996, -39.3695, 0.0851649
6.2511, 19.7495, -39.0236, 0.219489
6.25601, 19.9491, -38.6147, 0.379484
6.26081, 20.1493, -38.2049, 0.537848
6.26578, 20.3501, -37.7943, 0.694575
6.27066, 20.5395, -37.3319, 0.852764
6.27552, 20.7118, -36.952, 0.988086
6.28038, 20.8607, -36.4697, 1.12762
6.28442, 21.0041, -36.1212, 1.24223
6.28924, 21.1423, -35.5868, 1.38065
6.294, 21.263, -35.1356, 1.49704
6.29898, 21.3724, -34.6332, 1.61372
6.30385, 21.4824, -34.1304, 1.72827
6.30785, 21.5325, -33.6935, 1.8068
6.3126, 21.6015, -33.1726, 1.90201
6.31745, 21.629, -32.6342, 1.97948
6.32237, 21.6451, -32.0452, 2.05549
6.32719, 21.6617, -31.4566, 2.12859
6.3322, 21.6482, -30.9016, 2.18256
6.33708, 21.635, -30.347, 2.23392
6.34188, 21.6528, -29.7594, 2.29866
6.34675, 21.6095, -29.2391, 2.32885
6.35076, 21.578, -28.7696, 2.35724
6.35559, 21.5543, -28.1666, 2.39787
6.36046, 21.5309, -27.5641, 2.43543
6.36537, 21.4653, -26.9459, 2.4533
6.36942, 21.423, -26.4284, 2.47099
6.37405, 21.3231, -25.6621, 2.47726
6.379, 21.2811, -25.1462, 2.48925
6.38302, 21.2394, -24.6308, 2.49896
6.38783, 21.1319, -24.0009, 2.48395
6.3928, 21.0674, -23.3879, 2.48285
6.39752, 20.9915, -22.7264, 2.47536
6.40241, 20.8959, -22.1492, 2.45327
6.40647, 20.8434, -21.5885, 2.44611
6.41112, 20.7365, -20.9641, 2.41433
6.41612, 20.6297, -20.341, 2.37911
6.42102, 20.523, -19.7191, 2.34045
6.42595, 20.4049, -19.0497, 2.29359
6.43076, 20.2666, -18.4644, 2.2343
6.43562, 20.1052, -17.7833, 2.16116
6.44056, 19.9669, -17.2009, 2.09507
6.44466, 19.8517, -16.7166, 2.03762
6.44937, 19.7019, -16.0884, 1.95972
6.45337, 19.5981, -15.6545, 1.90368
6.45832, 19.4599, -15.0771, 1.82626
6.46297, 19.3216, -14.5011, 1.7458
6.46794, 19.1547, -13.9633, 1.69084
6.47282, 19.028, -13.4378, 1.61182
6.4777, 18.9013, -12.9134, 1.53028
6.48247, 18.7747, -12.3902, 1.44622
6.4875, 18.6596, -11.9157, 1.36765
6.49235, 18.5445, -11.4421, 1.28702
6.49646, 18.4755, -11.1585, 1.23766
6.50121, 18.349, -10.6395, 1.14526
6.50598, 18.205, -10.2048, 1.0888
6.5109, 18.1131, -9.82885, 1.01856
6.51572, 17.9806, -9.44265, 0.967879
6.52067, 17.8367, -9.01035, 0.906598
6.52547, 17.7043, -8.62558, 0.852965
6.5304, 17.5718, -8.24149, 0.797948
6.53551, 17.4393, -7.85808, 0.741552
6.54019, 17.3068, -7.47536, 0.683782
6.54509, 17.1743, -7.09333, 0.624643
6.54986, 17.0011, -6.70105, 0.584505
6.55389, 16.88, -6.36657, 0.532931
6.55883, 16.7067, -5.97559, 0.490038
6.56356, 16.5334, -5.5853, 0.445651
6.56843, 16.3076, -5.13883, 0.408967
6.57248, 16.157, -4.84167, 0.383387
6.57648, 15.9425, -4.4424, 0.354512
6.58105, 15.6639, -3.94154, 0.321035
6.58511, 15.5245, -3.69152, 0.303309
6.59001, 15.2273, -3.27223, 0.308818
6.59491, 14.9595, -2.81922, 0.280949
6.59967, 14.6616, -2.40136, 0.282242
6.60466, 14.322, -1.9731, 0.300642
6.60943, 13.9819, -1.54548, 0.3167
6.61343, 13.6943, -1.17461, 0.324103
6.61819, 13.3002, -0.692179, 0.341795
6.62251, 13.0433, -0.457016, 0.341392
6.62703, 12.553, 0.0911759, 0.378165
6.63191, 12.1684, 0.526792, 0.400887
6.63688, 11.7296, 1.01749, 0.425557
6.64088, 11.4086, 1.35162, 0.452102
6.64573, 11.022, 1.78538, 0.4671
6.65053, 10.5811, 2.27397, 0.483025
6.65545, 10.1507, 2.71755, 0.509844
6.6604, 9.71955, 3.16048, 0.533684
6.66529, 9.34161, 3.5475, 0.552102
6.66999, 8.87762, 3.95658, 0.60207
6.674, 8.55251, 4.28748, 0.613811
6.67891, 8.10783, 4.60712, 0.646152
6.68367, 7.64123, 5.01493, 0.688268
6.68858, 7.22815, 5.36735, 0.726615
6.69346, 6.8143, 5.7194, 0.76266
6.69756, 6.46576, 5.97287, 0.811935
6.70221, 6.06182, 6.28097, 0.85968
6.70647, 5.81039, 6.46801, 0.890482
6.71109, 5.31798, 6.79858, 0.965841
6.71587, 4.93455, 7.01968, 1.0403
6.71989, 4.63793, 7.21789, 1.08293
6.72488, 4.24176, 7.48206, 1.13822
6.72963, 3.87894, 7.61684, 1.24109
6.73443, 3.50398, 7.7948, 1.32621
6.73851, 3.15027, 7.88501, 1.40068
6.74339, 2.78524, 8.02006, 1.49985
6.74819, 2.50813, 8.13217, 1.56924
6.75304, 2.06382, 8.24572, 1.66884
6.75744, 1.79702, 8.31498, 1.75319
6.76193, 1.40712, 8.37427, 1.85305
6.76668, 1.06115, 8.42214, 1.93791
6.77163, 0.703389, 8.51485, 2.04709
6.77648, 0.356209, 8.56298, 2.12987
6.78138, 0.00846791, 8.61123, 2.21163
6.78538, -0.216307, 8.66939, 2.27793
6.79025, -0.474901, 8.69455, 2.3318
6.79501, -0.869119, 8.75478, 2.42409
6.79988, -1.16197, 8.74715, 2.46444
6.80486, -1.48886, 8.70843, 2.534
6.80976, -1.7373, 8.69108, 2.60233
6.81456, -2.05297, 8.60801, 2.64543
6.81947, -2.33538, 8.55799, 2.70014
6.82347, -2.56103, 8.45339, 2.75898
6.82834, -2.86516, 8.32619, 2.77496
6.8331, -3.16932, 8.19921, 2.79007
6.83799, -3.50756, 8.0413, 2.83346
6.84294, -3.80023, 7.87178, 2.86381
6.84773, -4.13776, 7.71282, 2.86313
6.8527, -4.41788, 7.49925, 2.86659
6.85749, -4.78841, 7.30832, 2.85043
6.86152, -5.04672, 7.17089, 2.8484
6.86554, -5.33807, 7.00118, 2.83209
6.87035, -5.64094, 6.8748, 2.79803
6.87518, -6.0439, 6.65287, 2.76352
6.88043, -6.36769, 6.45176, 2.73023
6.88485, -6.69124, 6.25101, 2.6958
6.8898, -7.0723, 6.10581, 2.65446
6.89469, -7.39539, 5.90585, 2.61771
6.89948, -7.77609, 5.76148, 2.57387
6.90449, -8.09872, 5.56229, 2.53479
6.90936, -8.45366, 5.33148, 2.47974
6.91434, -8.70879, 5.19597, 2.42619
6.919, -9.06309, 4.96599, 2.36877
6.92302, -9.31775, 4.83108, 2.3136
6.92799, -9.60665, 4.66556, 2.28452
6.933, -9.91372, 4.42451, 2.21355
6.93767, -10.1881, 4.21561, 2.15698
6.94244, -10.5085, 4.01938, 2.10942
6.94645, -10.7156, 3.87358, 2.04047
6.9512, -10.9891, 3.66565, 1.98126
6.95527, -11.1198, 3.54023, 1.95948
6.95934, -11.268, 3.33948, 1.89552
6.96404, -11.5726, 3.10086, 1.81801
6.96886, -11.7202, 2.90057, 1.75281
6.9738, -11.9019, 2.6697, 1.71285
6.97858, -12.0808, 2.43845, 1.63003
6.98346, -12.2156, 2.19549, 1.57919
6.98843, -12.3621, 1.99594, 1.51178
6.99247, -12.4647, 1.78449, 1.47659
6.9973, -12.5791, 1.61643, 1.42512
7.002, -12.7444, 1.34289, 1.35518
7.00701, -12.8464, 1.13176, 1.3186
7.01186, -12.9361, 0.877322, 1.29727
7.0167, -13.0691, 0.6353, 1.24253
7.02155, -13.1583, 0.380974, 1.22006
7.02644, -13.2281, 0.201115, 1.19896
7.03053, -13.2978, 0.0212833, 1.17758
7.03513, -13.3865, -0.232959, 1.15373
7.03929, -13.3935, -0.350945, 1.16682
7.04411, -13.4819, -0.605195, 1.14218
7.04899, -13.5077, -0.797722, 1.1524
7.0538, -13.5768, -0.977505, 1.12948
7.05877, -13.6024, -1.17012, 1.13912
7.06363, -13.628, -1.3628, 1.14848
7.06843, -13.6346, -1.48102, 1.16051
7.07249, -13.6412, -1.59929, 1.17244
7.07745, -13.6477, -1.71759, 1.18426
7.08226, -13.6542, -1.83592, 1.19596
7.08703, -13.6484, -1.99811, 1.22232
7.09195, -13.6238, -2.08579, 1.25179
7.09684, -13.6302, -2.20426, 1.26315
7.10162, -13.6366, -2.32277, 1.2744
7.10566, -13.612, -2.41058, 1.30364
7.11046, -13.6306, -2.48523, 1.30013
7.11451, -13.606, -2.57311, 1.32925
7.11933, -13.6246, -2.64779, 1.32564
7.12431, -13.6432, -2.72247, 1.32199
7.12912, -13.6185, -2.81043, 1.35095
7.13386, -13.6371, -2.88513, 1.3472
7.13883, -13.6557, -2.95984, 1.34341
7.1437, -13.6433, -3.00386, 1.35782
7.14854, -13.6618, -3.07858, 1.35396
7.15342, -13.6494, -3.12262, 1.36832
7.15834, -13.668, -3.19735, 1.36439
7.16325, -13.668, -3.19735, 1.36439
7.16803, -13.6556, -3.24142, 1.37871
7.17208, -13.6741, -3.31616, 1.37471
7.17691, -13.6741, -3.31616, 1.37471
7.18184, -13.6616, -3.36025, 1.38899
7.18661, -13.6492, -3.40434, 1.40325
7.19148, -13.6492, -3.40434, 1.40325
7.19639, -13.6368, -3.44845, 1.41749
7.20124, -13.6368, -3.44845, 1.41749
7.20529, -13.6244, -3.49256, 1.43172
7.21011, -13.6244, -3.49256, 1.43172
7.21496, -13.6119, -3.53669, 1.44593
7.21977, -13.5995, -3.58083, 1.46012
7.22478, -13.587, -3.62498, 1.47429
7.22966, -13.5746, -3.66914, 1.48844
7.23447, -13.5621, -3.71331, 1.50258
7.23939, -13.5497, -3.75749, 1.5167
7.2443, -13.5372, -3.80168, 1.5308
7.2491, -13.5247, -3.84588, 1.54488
7.25399, -13.5123, -3.8901, 1.55895
7.25884, -13.4873, -3.97856, 1.58703
7.26374, -13.4748, -4.0228, 1.60104
7.26862, -13.4623, -4.06706, 1.61503
